"sr_no";"name";"gmail";"phone";"message"
"1";"anuja";"anujadeshpande59@gmail.com";"1111111111";"this website is very useful for me"
"7";"sss";"anujadeshpande59@gmail.com";"2147483647";"hmhmhhm"
"8";"anuja4702";"anujadeshpande59@gmail.com";"2147483647";"message"
"9";"anuja4702";"anujadeshpande59@gmail.com";"2147483647";"message"
"10";"anuja4702";"anujadeshpande59@gmail.com";"2147483647";"message"
"11";"siddhant4702";"anujadeshpande59@gmail.com";"2147483647";"message"
"12";"siddhant4702";"anujadeshpande59@gmail.com";"2147483647";"message"
"13";"xy";"anud75975@gmail.com";"1111111111";"kay nahi"
"13";"xy";"anud75975@gmail.com";"1111111111";"kay nahi"
"14";"xty";"anug41298@gmail.com";"1111111111";"message"
"15";"ABC";"anud75975@gmail.com";"2147483647";"backend"
"22";"ppp";"anud75975@gmail.com";"2147483647";"message"
